{"cameraMode":{"drawMode":0,"name":"Shaded","section":"Shading Mode"},"sceneLighting":false,"audioPlay":false,"sceneViewState":{"showFog":true,"showMaterialUpdate":false,"showSkybox":false,"showFlares":true,"showImageEffects":true,"showParticleSystems":true},"in2DMode":false,"pivot":{"x":1861.7498779296875,"y":826.4034423828125,"z":848.3958740234375},"rotation":{"x":-0.10262748599052429,"y":-0.13771288096904756,"z":0.014347662217915059,"w":-0.9850364923477173},"size":2392.353759765625,"orthographic":false}