{"cameraMode":{"drawMode":0,"name":"Shaded","section":"Shading Mode"},"sceneLighting":false,"audioPlay":false,"sceneViewState":{"showFog":true,"showMaterialUpdate":false,"showSkybox":false,"showFlares":true,"showImageEffects":true,"showParticleSystems":true},"in2DMode":false,"pivot":{"x":-4.1658806800842289,"y":-0.3347536027431488,"z":4.356815338134766},"rotation":{"x":-0.11939311027526856,"y":-0.10229165852069855,"z":0.01236895564943552,"w":-0.9874860644340515},"size":0.8240594863891602,"orthographic":false}