{"cameraMode":{"drawMode":0,"name":"Shaded","section":"Shading Mode"},"sceneLighting":true,"audioPlay":false,"sceneViewState":{"showFog":true,"showMaterialUpdate":false,"showSkybox":true,"showFlares":true,"showImageEffects":true,"showParticleSystems":true},"in2DMode":false,"pivot":{"x":1000.0,"y":1004.0205688476563,"z":1001.6981201171875},"rotation":{"x":0.006324996706098318,"y":-0.028495393693447114,"z":0.0001792286493582651,"w":0.9995739459991455},"size":0.41968193650245669,"orthographic":false}